{
  "CarsPainted": 0,
  "TimeSeconds": 80.0133795,
  "DateSaved": "2025-10-30T05:53:28.9195342Z"
}